video_id,window_start_frame,window_end_frame,fft_score,rppg_score,fft_latency_ms,rppg_latency_ms
183,0,29,0.501365,0.962322,20.973,101.831
183,15,44,0.510981,0.898415,4.263,69.15
183,30,59,0.489623,0.896786,4.294,63.026
183,45,74,0.472764,0.898019,5.355,53.937
183,60,89,0.498557,0.897516,5.05,29.961
